Alabama,2015,ESEA FLEXIBILITY,https://www2.ed.gov/admins/lead/account/monitoring/reports14/alpartbrpt2015.pdf,PDF
Alabama,2012,Title I,https://www2.ed.gov/admins/lead/account/monitoring/reports12/alrptt32012.doc,WORD
Alabama,2012,Title III,https://www2.ed.gov/admins/lead/account/monitoring/reports12/alrptt32012.doc,WORD
Alabama,2012,SIG,https://www2.ed.gov/programs/sif/monitoring/reports/alostreview2012.pdf,PDF
Alabama,2010,Title II,https://www2.ed.gov/programs/teacherqual/hqt07/almonrpt312010.doc,WORD
Alabama,2008,Title I,https://www2.ed.gov/admins/lead/account/monitoring/reports08/alrpt.doc,WORD
Alabama,2006,Title II,https://www2.ed.gov/programs/teacherqual/hqt/al.doc,WORD
Alaska,2018,"Title I, Title II, Title III, SIG",https://www2.ed.gov/admins/lead/account/monitoring/performancerpt/akossfy18perfrevreport.pdf,PDF
Alaska,2014,ESEA FLEXIBILITY,https://www2.ed.gov/admins/lead/account/monitoring/reports14/akpartbrpt2014.doc, WORD
Alaska,2013,Title III,https://www2.ed.gov/admins/lead/account/monitoring/reports13/akt3rpt2013.pdf,PDF
Alaska,2013,SIG,https://www2.ed.gov/programs/sif/monitoring/reports/akostreview2013.pdf,PDF
Alaska,2009,Title I,https://www2.ed.gov/admins/lead/account/monitoring/reports09/akrpt.doc, WORD
Alaska,2009,Title II,https://www2.ed.gov/programs/teacherqual/hqt07/akmonrpt71309.doc,WORD
Alaska,2006,Title II,https://www2.ed.gov/programs/teacherqual/hqt/ak.doc,WORD
Arizona,2018,"Title I, Title II, Title III, SIG",https://www2.ed.gov/admins/lead/account/monitoring/performancerpt/azossfy18perfrevreport.pdf,PDF
Arizona,2015,RTT,https://www2.ed.gov/programs/racetothetop/performance/phase3year4ssr.pdf,PDF
Arizona,2014,ESEA FLEXIBILITY,https://www2.ed.gov/admins/lead/account/monitoring/reports13/azpartbrpt32014.pdf,PDF
Arizona,2014,Title III,https://www2.ed.gov/admins/lead/account/monitoring/reports13/azt3rpt2014.doc,WORD
Arizona,2014,RTT,https://www2.ed.gov/programs/racetothetop/performance/arizona-year-2.pdf,PDF
Arizona,2013,RTT,https://www2.ed.gov/programs/racetothetop/phase-3-year-3-report.pdf,PDF
Arizona,2013,ESEA FLEXIBILITY,https://www2.ed.gov/policy/eseaflex/monitoring/azrpt2013.doc,WORD
Arizona,2012,RTT,https://www2.ed.gov/programs/racetothetop/performance/arizona-year-1.pdf,PDF
Arizona,2010,Title III,https://www2.ed.gov/admins/lead/account/monitoring/reports10/azrptt3.pdf,PDF
Arizona,2009,Title II,https://www2.ed.gov/programs/teacherqual/hqt07/azmonrpt.doc,WORD
Arizona,2008,Title I,https://www2.ed.gov/admins/lead/account/monitoring/reports08/azrpt.doc,WORD
Arizona,2006,Title II,https://www2.ed.gov/programs/teacherqual/hqt/az.doc,WORD
Arkansas,2014,ESEA FLEXIBILITY,https://www2.ed.gov/admins/lead/account/monitoring/reports13/arpartbrpt2014.pdf,PDF
Arkansas,2013,ESEA FLEXIBILITY,https://www2.ed.gov/policy/eseaflex/monitoring/arrpt2013.doc,WORD
Arkansas,2013,SIG,https://www2.ed.gov/programs/sif/monitoring/reports/arostreview2013.pdf,PDF
Arkansas,2010,Title I,https://www2.ed.gov/admins/lead/account/monitoring/reports10/arrpt.doc,WORD
Arkansas,2010,Title II,https://www2.ed.gov/programs/teacherqual/hqt07/armonrpt.doc,WORD
Arkansas,2009,Title I,https://www2.ed.gov/admins/lead/account/monitoring/reports09/akrpt.doc,WORD
Arkansas,2006,Title II,https://www2.ed.gov/programs/teacherqual/hqt/ar.doc,WORD
BIE,2012,Title I,https://www2.ed.gov/admins/lead/account/monitoring/reports12/bierpt2012.doc,WORD
BIE,2012,SIG,https://www2.ed.gov/programs/sif/monitoring/reports/bieostreview2012.pdf,PDF
BIE,2008,Title I,https://www2.ed.gov/admins/lead/account/monitoring/reports08/bierpt.doc,WORD
BIE,2006,Title II,https://www2.ed.gov/programs/teacherqual/hqt/bia.doc,WORD
California,2018,"Title I, Title II, Title III, SIG",https://www2.ed.gov/admins/lead/account/monitoring/performancerpt/caossfy18perfrevreportfinal6112019.pdf,PDF
California,2014,"Title I, Title II, Title III, SIG",https://www2.ed.gov/programs/sif/monitoring/reports/caostreview2014.pdf,PDF
California,2014,Title II,https://www2.ed.gov/programs/teacherqual/camonitoringreport.pdf,PDF
California,2013,Title III,https://www2.ed.gov/admins/lead/account/monitoring/reports13/cat3rpt.doc,WORD
California,2011,SIG,https://www2.ed.gov/admins/lead/account/monitoring/sigreports11/casig11.doc,WORD
California,2010,Title II,https://www2.ed.gov/programs/teacherqual/hqt07/camr.doc,WORD
California,2010,Title I,https://www2.ed.gov/admins/lead/account/monitoring/reports10/carpt.doc,WORD
California,2009,Title III,https://www2.ed.gov/admins/lead/account/monitoring/reports09/carpt3.pdf,PDF
California,2007,Title I,https://www2.ed.gov/admins/lead/account/monitoring/reports07/carpt.doc,WORD
California,2006,Title II,https://www2.ed.gov/programs/teacherqual/hqt/ca.doc,WORD
Colorado,2015,RTT,https://www2.ed.gov/programs/racetothetop/performance/phase3year4ssr.pdf,PDF
Colorado,2014,RTT,https://www2.ed.gov/programs/racetothetop/performance/colorado-year-2.pdf,PDF
Colorado,2013,ESEA FLEXIBILITY,https://www2.ed.gov/policy/eseaflex/monitoring/corpt2013.doc,WORD
Colorado,2013,ESEA FLEXIBILITY,https://www2.ed.gov/admins/lead/account/monitoring/reports13/copartbrpt2013.pdf,PDF
Colorado,2013,RTT,https://www2.ed.gov/programs/racetothetop/phase-3-year-3-report.pdf,PDF
Colorado,2012,RTT,https://www2.ed.gov/programs/racetothetop/performance/colorado-year-1.pdf,PDF
Colorado,2012,SIG,https://www2.ed.gov/programs/sif/monitoring/reports/coostreview2012.pdf,PDF
Colorado,2010,Title I,https://www2.ed.gov/admins/lead/account/monitoring/reports10/corpt.doc,WORD
Colorado,2008,Title II,https://www2.ed.gov/programs/teacherqual/hqt07/comonrpt.doc,WORD
Colorado,2007,Title I,https://www2.ed.gov/admins/lead/account/monitoring/reports08/corpt.doc,WORD
Colorado,2006,Title II,https://www2.ed.gov/programs/teacherqual/hqt/co.doc,WORD
Connecticut,2013,ESEA FLEXIBILITY,https://www2.ed.gov/admins/lead/account/monitoring/reports13/ctpartbrpt2013.pdf,PDF
Connecticut,2013,ESEA FLEXIBILITY,https://www2.ed.gov/policy/eseaflex/monitoring/ctrpt2013.doc,WORD
Connecticut,2013,SIG,https://www2.ed.gov/programs/sif/monitoring/reports/ctostreview2013.pdf,PDF
Connecticut,2011,Title III,https://www2.ed.gov/admins/lead/account/monitoring/reports11/ctrptt3.pdf,PDF
Connecticut,2009,Title II,https://www2.ed.gov/programs/teacherqual/hqt07/ctmonrpt61209.doc,WORD
Connecticut,2007,Title I,https://www2.ed.gov/admins/lead/account/monitoring/reports07/ctrpt.doc,WORD
Connecticut,2007,Title III,https://www2.ed.gov/programs/sfgp/statemonitor/connecticut.pdf,PDF
Connecticut,2006,Title II,https://www2.ed.gov/programs/teacherqual/hqt/ct.doc,WORD
Delaware,2015,RTT,https://www2.ed.gov/programs/racetothetop/performance/phase3year4ssr.pdf,PDF
Delaware,2014,RTT,https://www2.ed.gov/programs/racetothetop/performance/delaware-year-3.pdf,PDF
Delaware,2013,RTT,https://www2.ed.gov/programs/racetothetop/performance/delaware-year-2.pdf,PDF
Delaware,2013,ESEA FLEXIBILITY,https://www2.ed.gov/admins/lead/account/monitoring/reports13/derpt2013.pdf,PDF
Delaware,2013,SIG,https://www2.ed.gov/programs/sif/monitoring/reports/deostreview2013.pdf,PDF
Delaware,2012,RTT,https://www2.ed.gov/programs/racetothetop/performance/delaware-year-1.pdf,PDF
Delaware,2012,ESEA FLEXIBILITY,https://www2.ed.gov/policy/eseaflex/monitoring/derpt2012.doc,WORD
Delaware,2011,Title III,https://www2.ed.gov/admins/lead/account/monitoring/reports11/derptt3.pdf,PDF
Delaware,2009,Title I,https://www2.ed.gov/admins/lead/account/monitoring/reports10/derpt.doc,WORD
Delaware,2009,Title II,https://www2.ed.gov/programs/teacherqual/hqt07/de.doc,WORD
Delaware,2008,Title I,https://www2.ed.gov/admins/lead/account/monitoring/reports08/derpt.doc,WORD
Delaware,2007,Title III,https://www2.ed.gov/programs/sfgp/statemonitor/delaware.pdf, PDF
Delaware,2006,Title II,https://www2.ed.gov/programs/teacherqual/hqt/de.doc,WORD
District of Columbia,2017,"Title I, Title II, Title III, SIG",https://www2.ed.gov/admins/lead/account/monitoring/performancerpt/dcossfy17perfrevreport.pdf,PDF
District of Columbia,2015,RTT,https://www2.ed.gov/programs/racetothetop/phase1-report/dcrttyrrpt42015.pdf,PDF
District of Columbia,2014,RTT,https://www2.ed.gov/programs/racetothetop/performance/dc-year-3.pdf,PDF
District of Columbia,2014,ESEA FLEXIBILITY,https://www2.ed.gov/admins/lead/account/monitoring/reports13/dcpartbrpt2014.pdf,PDF
District of Columbia,2013,Title III,https://www2.ed.gov/admins/lead/account/monitoring/reports13/dct3rpt882013.doc,WORD
District of Columbia,2013,RTT,https://www2.ed.gov/programs/racetothetop/performance/dc-year-2.pdf,PDF
District of Columbia,2012,ESEA FLEXIBILITY,https://www2.ed.gov/policy/eseaflex/monitoring/dcrpt2012.doc,WORD
District of Columbia,2012,SIG,https://www2.ed.gov/programs/sif/monitoring/reports/dcostreview2012.pdf,PDF
District of Columbia,2012,RTT,https://www2.ed.gov/programs/racetothetop/performance/dc-year-1.pdf,PDF
District of Columbia,2010,Title I,https://www2.ed.gov/admins/lead/account/monitoring/reports10/dcrpt.doc,WORD
District of Columbia,2009,Title I,https://www2.ed.gov/admins/lead/account/monitoring/reports09/dcrpt.doc,WORD
District of Columbia,2009,Title II,https://www2.ed.gov/programs/teacherqual/hqt07/dc.doc,WORD
District of Columbia,2006,Title II,https://www2.ed.gov/programs/teacherqual/hqt/dc.doc,WORD
District of Columbia,2006,Title III,https://www2.ed.gov/programs/sfgp/statemonitor/dc.pdf,PDF
Florida,2015,RTT,https://www2.ed.gov/programs/racetothetop/phase1-report/flrttyrrpt42015.pdf,PDF
Florida,2014,RTT,https://www2.ed.gov/programs/racetothetop/performance/florida-year-3.pdf,PDF
Florida,2014,ESEA FLEXIBILITY,https://www2.ed.gov/admins/lead/account/monitoring/reports13/flpartbrpt2014.pdf,WORD
Florida,2013,ESEA FLEXIBILITY,https://www2.ed.gov/policy/eseaflex/monitoring/flrpt2013.doc,WORD
Florida,2013,Title III,https://www2.ed.gov/admins/lead/account/monitoring/reports13/flt3rpt2013.pdf,PDF
Florida,2013,RTT,https://www2.ed.gov/programs/racetothetop/performance/florida-year-2.pdf,PDF
Florida,2012,SIG,https://www2.ed.gov/programs/sif/monitoring/reports/flostreview2012.pdf,PDF
Florida,2012,RTT,https://www2.ed.gov/programs/racetothetop/performance/florida-year-1.pdf,PDF
Florida,2011,Title I,https://www2.ed.gov/admins/lead/account/monitoring/reports12/flrpt2011.pdf,PDF
Florida,2010,Title I,https://www2.ed.gov/admins/lead/account/monitoring/reports10/flrpt.doc,WORD
Florida,2009,Title II,https://www2.ed.gov/programs/teacherqual/hqt07/flmonrpt.doc,WORD
Florida,2009,Title III,https://www2.ed.gov/admins/lead/account/monitoring/reports09/flrptt3.doc,WORD
Florida,2008,Title I,https://www2.ed.gov/admins/lead/account/monitoring/reports08/flrpt.doc,WORD
Florida,2006,Title II,https://www2.ed.gov/programs/teacherqual/hqt/fl.doc,WORD
Florida,2005,Title III,https://www2.ed.gov/programs/sfgp/statemonitor/florida.pdf,PDF
Georgia,2018,"Title I, Title II, Title III, SIG",https://www2.ed.gov/admins/lead/account/monitoring/performancerpt/gafy18performancereportfinal.pdf,PDF
Georgia,2015,RTT,https://www2.ed.gov/programs/racetothetop/phase1-report/garttyrrpt42015.pdf,PDF
Georgia,2014,ESEA FLEXIBILITY,https://www2.ed.gov/admins/lead/account/monitoring/reports13/gapartbrpt2014.pdf,PDF
Georgia,2014,Title III,https://www2.ed.gov/admins/lead/account/monitoring/reports13/gat3rpt2014.doc,WORD
Georgia,2014,RTT,https://www2.ed.gov/programs/racetothetop/performance/georgia-year-3.pdf,PDF
Georgia,2013,ESEA FLEXIBILITY,https://www2.ed.gov/policy/eseaflex/monitoring/garpt2013.doc,WORD
Georgia,2013,RTT,https://www2.ed.gov/programs/racetothetop/performance/georgia-year-2.pdf,PDF
Georgia,2012,SIG,https://www2.ed.gov/programs/sif/monitoring/reports/gaostreview2012.pdf,PDF
Georgia,2012,RTT,https://www2.ed.gov/programs/racetothetop/performance/georgia-year-1.pdf,PDF
Georgia,2012,Title I,https://www2.ed.gov/admins/lead/account/monitoring/reports12/garpt2012.pdf,PDF
Georgia,2009,Title I,https://www2.ed.gov/admins/lead/account/monitoring/reports09/garpt.doc,WORD
Georgia,2009,Title III,https://www2.ed.gov/admins/lead/account/monitoring/reports09/garpt3.doc,WORD
Georgia,2006,Title II,https://www2.ed.gov/programs/teacherqual/hqt/ga.doc,WORD
Hawaii,2015,RTT,https://www2.ed.gov/programs/racetothetop/phase1-report/hirttyrrpt42015.pdf,PDF
Hawaii,2014,ESEA FLEXIBILITY,https://www2.ed.gov/admins/lead/account/monitoring/reports14/hipartbrpt2014.doc,WORD
Hawaii,2014,RTT,https://www2.ed.gov/programs/racetothetop/performance/hawaii-year-3.pdf,PDF
Hawaii,2013,RTT,https://www2.ed.gov/programs/racetothetop/performance/hawaii-year-2.pdf,PDF
Hawaii,2012,SIG,https://www2.ed.gov/programs/sif/monitoring/reports/hiostreview2012.pdf,PDF
Hawaii,2012,Title III,https://www2.ed.gov/admins/lead/account/monitoring/reports12/hirptt32012.doc,WORD
Hawaii,2012,RTT,https://www2.ed.gov/programs/racetothetop/performance/hawaii-year-1.pdf,PDF
Hawaii,2012,Title I,https://www2.ed.gov/admins/lead/account/monitoring/reports12/hirpt2012.pdf,PDF
Hawaii,2009,Title I,https://www2.ed.gov/admins/lead/account/monitoring/reports09/hirpt.doc,WORD
Hawaii,2007,Title III,https://www2.ed.gov/programs/sfgp/statemonitor/hawmonreport.pdf,PDF
Hawaii,2006,Title I,https://www2.ed.gov/admins/lead/account/monitoring/hirpt.doc,WORD
Idaho,2015,SIG,https://www2.ed.gov/programs/sif/monitoring/reports/idostreview2015.pdf,PDF
Idaho,2013,ESEA FLEXIBILITY,https://www2.ed.gov/admins/lead/account/monitoring/reports13/idrpt2013.pdf,PDF
Idaho,2012,ESEA FLEXIBILITY,https://www2.ed.gov/policy/eseaflex/monitoring/idrpt2012.doc,WORD
Idaho,2012,SIG,https://www2.ed.gov/programs/sif/monitoring/reports/idostreview2012.pdf,PDF
Idaho,2010,Title I,https://www2.ed.gov/admins/lead/account/monitoring/reports10/idrpt.doc,WORD
Idaho,2010,Title III,https://www2.ed.gov/programs/sfgp/monitoring0910/idt3rpt.doc,PDF
Idaho,2008,Title I,https://www2.ed.gov/admins/lead/account/monitoring/reports08/idrpt.doc,WORD
Idaho,2008,Title III,https://www2.ed.gov/admins/lead/account/monitoring/reports08/idrpt.doc,WORD
Idaho,2006,Title II,https://www2.ed.gov/programs/teacherqual/hqt/id.doc,WORD
Illinois,2018,"Title I, Title II, Title III, SIG",https://www2.ed.gov/admins/lead/account/monitoring/performancerpt/ilossfy18perfrevreport.pdf,PDF
Illinois,2015,RTT,https://www2.ed.gov/programs/racetothetop/performance/phase3year4ssr.pdf,PDF
Illinois,2014,RTT,https://www2.ed.gov/programs/racetothetop/performance/illinois-year-2.pdf,PDF
Illinois,2014,Title III,https://www2.ed.gov/admins/lead/account/monitoring/reports14/ilt3rpt2014.pdf,PDF
Illinois,2014,SIG,https://www2.ed.gov/programs/sif/monitoring/reports/ilostreview2014.pdf,PDF
Illinois,2013,RTT,https://www2.ed.gov/programs/racetothetop/phase-3-year-3-report.pdf,PDF
Illinois,2012,Title I,https://www2.ed.gov/admins/lead/account/monitoring/reports12/ilrpt2012.doc,WORD
Illinois,2012,SIG,https://www2.ed.gov/programs/sif/monitoring/reports/ilostreview2012.pdf,PDF
Illinois,2012,RTT,https://www2.ed.gov/programs/racetothetop/performance/illinois-year-1.pdf,PDF
Illinois,2010,Title I,https://www2.ed.gov/admins/lead/account/monitoring/reports10/ilrpt.doc,WORD
Illinois,2009,Title III,https://www2.ed.gov/admins/lead/account/monitoring/reports09/ilrptt3.pdf,PDF
Illinois,2008,Title I,https://www2.ed.gov/admins/lead/account/monitoring/reports08/ilrpt.doc,WORD
Illinois,2006,Title II,https://www2.ed.gov/programs/teacherqual/hqt/il.doc,WORD
Indiana,2017,"Title I, Title II, Title III, SIG",https://www2.ed.gov/admins/lead/account/monitoring/performancerpt/infiscalreviewrpt.pdf,PDF
Indiana,2014,ESEA FLEXIBILITY,https://www2.ed.gov/admins/lead/account/monitoring/reports13/inpartbrpt2014.pdf,PDF
Indiana,2012,Title III,https://www2.ed.gov/admins/lead/account/monitoring/reports12/inrptt32012.doc,WORD
Indiana,2012,ESEA FLEXIBILITY,https://www2.ed.gov/policy/eseaflex/monitoring/inrpt2012.doc,WORD
Indiana,2011,SIG,https://www2.ed.gov/admins/lead/account/monitoring/sigreports11/insig11.doc,WORD
Iowa,2011,Title I,https://www2.ed.gov/admins/lead/account/monitoring/reports12/ialtr2011.pdf,PDF
Indiana,2007,Title I,https://www2.ed.gov/admins/lead/account/monitoring/reports07/inrpt.doc,WORD
Indiana,2006,Title II,https://www2.ed.gov/programs/teacherqual/hqt/in.doc,WORD
Iowa,2014,Title III,https://www2.ed.gov/admins/lead/account/monitoring/reports13/iat3rpt2014.doc,WORD
Iowa,2012,SIG,https://www2.ed.gov/programs/sif/monitoring/reports/iaostreview2012.pdf,PDF
Iowa,2009,Title III,https://www2.ed.gov/admins/lead/account/monitoring/reports09/iarpt3.pdf,PDF
Iowa,2006,Title II,https://www2.ed.gov/programs/teacherqual/hqt/ia.doc,WORD
Kansas,2014,ESEA FLEXIBILITY,https://www2.ed.gov/admins/lead/account/monitoring/reports13/kspartbrpt2014.pdf,PDF
Kansas,2014,Title III,https://www2.ed.gov/admins/lead/account/monitoring/reports13/kst3rpt2014.pdf,PDF
Kansas,2012,ESEA FLEXIBILITY,https://www2.ed.gov/policy/eseaflex/monitoring/ksrpt2012.doc,WORD
Kansas,2012,SIG,https://www2.ed.gov/programs/sif/monitoring/reports/ksostreview2012.pdf,PDF
Kansas,2009,Title III,https://www2.ed.gov/admins/lead/account/monitoring/reports09/ksrptt3.pdf,PDF
Kansas,2008,Title I,https://www2.ed.gov/admins/lead/account/monitoring/reports09/ksrpt.doc,WORD
Kansas,2006,Title II,https://www2.ed.gov/programs/teacherqual/hqt/ks.doc,WORD
Kentucky,2015,RTT,https://www2.ed.gov/programs/racetothetop/performance/phase3year4ssr.pdf,PDF
Kentucky,2014,ESEA FLEXIBILITY,https://www2.ed.gov/admins/lead/account/monitoring/reports13/kypartbrpt2014.pdf,PDF
Kentucky,2014,RTT,https://www2.ed.gov/programs/racetothetop/performance/kentucky-year-2.pdf,PDF
Kentucky,2013,RTT,https://www2.ed.gov/programs/racetothetop/performance/kentucky-year-1.pdf,PDF
Kentucky,2013,RTT,https://www2.ed.gov/programs/racetothetop/phase-3-year-3-report.pdf,PDF
Kentucky,2013,ESEA FLEXIBILITY,https://www2.ed.gov/policy/eseaflex/monitoring/kyrpt2013.doc,WORD
Kentucky,2013,SIG,https://www2.ed.gov/programs/sif/monitoring/reports/kyostreview2013.pdf,PDF
Kentucky,2009,Title I,https://www2.ed.gov/admins/lead/account/monitoring/reports09/kyrpt.doc,WORD
Kentucky,2009,Title III,https://www2.ed.gov/admins/lead/account/monitoring/reports09/kyrpt3.pdf,PDF
Kentucky,2006,Title II,https://www2.ed.gov/programs/teacherqual/hqt/ky.doc,WORD
Louisiana,2018,"Title I, Title II, Title III, SIG",https://www2.ed.gov/admins/lead/account/monitoring/performancerpt/laossfy18perfrevreport.pdf,PDF
Louisiana,2015,RTT,https://www2.ed.gov/programs/racetothetop/performance/phase3year4ssr.pdf,PDF
Louisiana,2014,ESEA FLEXIBILITY,https://www2.ed.gov/admins/lead/account/monitoring/reports13/lapartbrpt2014.pdf,PDF
Louisiana,2014,RTT,https://www2.ed.gov/programs/racetothetop/performance/louisiana-year-2.pdf,PDF
Louisiana,2013,ESEA FLEXIBILITY,https://www2.ed.gov/policy/eseaflex/monitoring/larpt2013.doc,WORD
Louisiana,2013,Title III,https://www2.ed.gov/admins/lead/account/monitoring/reports13/larptt32013.doc,WORD
Louisiana,2013,SIG,https://www2.ed.gov/programs/sif/monitoring/reports/laostreview2013.pdf,PDF
Louisiana,2013,RTT,https://www2.ed.gov/programs/racetothetop/phase-3-year-3-report.pdf,PDF
Louisiana,2012,RTT,https://www2.ed.gov/programs/racetothetop/performance/louisiana-year-1.pdf,PDF
Louisiana,2010,Title I,https://www2.ed.gov/admins/lead/account/monitoring/reports10/larpt.doc,WORD
Louisiana,2009,Title I,https://www2.ed.gov/admins/lead/account/monitoring/reports09/larpt.doc,WORD
Louisiana,2006,Title II,https://www2.ed.gov/programs/teacherqual/hqt/la.doc,WORD
Maine,2015,ESEA FLEXIBILITY,https://www2.ed.gov/admins/lead/account/monitoring/reports14/mepartbrpt4202015.pdf,PDF
Maine,2012,Title III,https://www2.ed.gov/admins/lead/account/monitoring/reports12/merptt32012.doc,WORD
Maine,2011,SIG,https://www2.ed.gov/admins/lead/account/monitoring/sigreports11/mesig11rvw.doc,WORD
Maine,2010,Title I,https://www2.ed.gov/admins/lead/account/monitoring/reports11/merpt.doc,WORD
Maine,2007,Title I,https://www2.ed.gov/admins/lead/account/monitoring/reports07/merpt.doc,WORD
Maine,2006,Title II,https://www2.ed.gov/programs/teacherqual/hqt/me.doc,WORD
Maryland,2015,RTT,https://www2.ed.gov/programs/racetothetop/phase1-report/mdrttyrrpt42015.pdf,PDF
Maryland,2014,RTT,https://www2.ed.gov/programs/racetothetop/performance/maryland-year-3.pdf,PDF
Maryland,2014,ESEA FLEXIBILITY,https://www2.ed.gov/admins/lead/account/monitoring/reports13/mdpartbrpt32014.pdf,PDF
Maryland,2013,ESEA FLEXIBILITY,https://www2.ed.gov/policy/eseaflex/monitoring/mdrpt2013.doc,WORD
Maryland,2013,SIG,https://www2.ed.gov/programs/sif/monitoring/reports/mdostreview2013.pdf,PDF
Maryland,2013,RTT,https://www2.ed.gov/programs/racetothetop/performance/maryland-year-2.pdf,PDF
Maryland,2012,RTT,https://www2.ed.gov/programs/racetothetop/performance/maryland-year-1.pdf,PDF
Maryland,2010,Title III,https://www2.ed.gov/programs/sfgp/monitoring0910/mdt3rpt.doc,WORD
Maryland,2008,Title I,https://www2.ed.gov/admins/lead/account/monitoring/reports08/mdrpt.doc,WORD
Maryland,2006,Title II,https://www2.ed.gov/programs/teacherqual/hqt/md.doc,WORD
Maryland,2005,Title III,https://www2.ed.gov/programs/sfgp/statemonitor/maryland.pdf,PDF
Massachusetts,2017,"Title I, Title II, Title III, SIG",https://www2.ed.gov/admins/lead/account/monitoring/performancerpt/maossfy17perfrevreport.pdf,PDF
Massachusetts,2014,ESEA FLEXIBILITY,https://www2.ed.gov/admins/lead/account/monitoring/reports14/mapartbrpt2014.pdf,PDF
Massachusetts,2013,ESEA FLEXIBILITY,https://www2.ed.gov/policy/eseaflex/monitoring/marpt2013.doc,WORD
Massachusetts,2012,SIG,https://www2.ed.gov/programs/sif/monitoring/reports/maostreview2012.pdf,PDF
Massachusetts,2011,Title III,https://www2.ed.gov/programs/sfgp/monitoring0910/marptt3.pdf,PDF
Massachusetts,2010,Title I,https://www2.ed.gov/admins/lead/account/monitoring/reports10/marpt.doc,WORD
Massachusetts,2006,Title I,https://www2.ed.gov/admins/lead/account/monitoring/reports07/marpt.doc,WORD
Massachusetts,2006,Title II,https://www2.ed.gov/programs/teacherqual/hqt/ms.doc,WORD
Massachusetts,2006,Title III,https://www2.ed.gov/programs/sfgp/statemonitor/massachusetts.pdf,PDF
Michigan,2018,"Title I, Title II, Title III, SIG",https://www2.ed.gov/admins/lead/account/monitoring/performancerpt/mify18perfrevreport.pdf,PDF
Michigan,2014,ESEA FLEXIBILITY,https://www2.ed.gov/admins/lead/account/monitoring/reports13/mipartbrpt2014.pdf,PDF
Michigan,2014,SIG,https://www2.ed.gov/programs/sif/monitoring/reports/miostreview2014.pdf,PDF
Michigan,2013,Title III,https://www2.ed.gov/admins/lead/account/monitoring/reports13/mit3rpt2013.pdf,PDF
Michigan,2012,ESEA FLEXIBILITY,https://www2.ed.gov/policy/eseaflex/monitoring/mirpt2012.doc,WORD
Michigan,2011,SIG,https://www2.ed.gov/admins/lead/account/monitoring/sigreports11/misig11rvw.doc,WORD
Michigan,2010,Title I,https://www2.ed.gov/admins/lead/account/monitoring/reports10/mirpt.doc,WORD
Michigan,2007,Title I,https://www2.ed.gov/admins/lead/account/monitoring/reports07/mirpt.doc,WORD
Michigan,2006,Title II,https://www2.ed.gov/programs/teacherqual/hqt/mi.doc,WORD
Minnesota,2014,ESEA FLEXIBILITY,https://www2.ed.gov/admins/lead/account/monitoring/reports13/mnpartbrpt2014.pdf,PDF
Minnesota,2013,ESEA FLEXIBILITY,https://www2.ed.gov/policy/eseaflex/monitoring/mnrpt2013.doc,WORD
Minnesota,2011,SIG,https://www2.ed.gov/admins/lead/account/monitoring/sigreports11/mnsig11rvw.pdf,PDF
Minnesota,2010,Title III,https://www2.ed.gov/programs/sfgp/monitoring0910/mnrptt3.pdf,PDF
Minnesota,2007,Title I,https://www2.ed.gov/admins/lead/account/monitoring/reports07/mnrpt.doc,WORD
Minnesota,2006,Title II,https://www2.ed.gov/programs/teacherqual/hqt/mn.doc,WORD
Mississippi,2017,"Title I, Title II, Title III, SIG",https://www2.ed.gov/admins/lead/account/monitoring/performancerpt/msfiscalreviewossrpt.pdf,PDF
Mississippi,2013,ESEA FLEXIBILITY,https://www2.ed.gov/policy/eseaflex/monitoring/msrpt2013.doc,WORD
Mississippi,2013,ESEA FLEXIBILITY,https://www2.ed.gov/admins/lead/account/monitoring/reports13/mspartbrpt2013.pdf,PDF
Mississippi,2012,Title III,https://www2.ed.gov/admins/lead/account/monitoring/reports12/msrptt32012.doc,WORD
Mississippi,2011,SIG,https://www2.ed.gov/admins/lead/account/monitoring/sigreports11/mssig11rvw.pdf,PDF
Mississippi,2011,Title I,https://www2.ed.gov/admins/lead/account/monitoring/reports11/msrpt.doc,WORD
Mississippi,2008,Title I,https://www2.ed.gov/admins/lead/account/monitoring/reports09/msrpt.doc,WORD
Mississippi,2006,Title II,https://www2.ed.gov/programs/teacherqual/hqt/ms.doc,WORD
Missouri,2014,ESEA FLEXIBILITY,https://www2.ed.gov/admins/lead/account/monitoring/reports13/mopartbrpt2014.pdf,PDF
Missouri,2013,ESEA FLEXIBILITY,https://www2.ed.gov/policy/eseaflex/monitoring/morpt2013.doc,WORD
Missouri,2012,Title I,https://www2.ed.gov/admins/lead/account/monitoring/reports12/morpt2012.doc,WORD
Missouri,2012,SIG,https://www2.ed.gov/programs/sif/monitoring/reports/moostreview2012.pdf,PDF
Missouri,2010,Title III,https://www2.ed.gov/programs/sfgp/monitoring0910/morptt3.pdf,PDF
Missouri,2009,Title III,https://www2.ed.gov/admins/lead/account/monitoring/reports09/morptt3.doc,WORD
Montana,2013,Title I,https://www2.ed.gov/admins/lead/account/monitoring/reports13/mtpartarpt2013.pdf,PDF
Montana,2012,SIG,https://www2.ed.gov/programs/sif/monitoring/reports/mtostreview2012.pdf,PDF
Montana,2010,Title III,https://www2.ed.gov/programs/sfgp/monitoring0910/mtt3rpt.doc,WORD
Montana,2007,Title I,https://www2.ed.gov/admins/lead/account/monitoring/reports07/mtrpt.doc,WORD
Montana,2006,Title II,https://www2.ed.gov/programs/teacherqual/hqt/mt.doc,WORD
Nebraska,2013,Title I,https://www2.ed.gov/admins/lead/account/monitoring/reports13/nepartarpt2013.pdf,PDF
Nebraska,2011,Title III,https://www2.ed.gov/admins/lead/account/monitoring/reports11/nerptt3.pdf,PDF
Nebraska,2011,SIG,https://www2.ed.gov/admins/lead/account/monitoring/sigreports11/nesig11rvw.pdf,PDF
Nebraska,2007,Title I,https://www2.ed.gov/admins/lead/account/monitoring/reports07/nerpt.doc,WORD
Nebraska,2006,Title II,https://www2.ed.gov/programs/teacherqual/hqt/ne.doc,WORD
Nevada,2014,ESEA FLEXIBILITY,https://www2.ed.gov/admins/lead/account/monitoring/reports13/nvpartbrpt2014.pdf,PDF
Nevada,2013,ESEA FLEXIBILITY,https://www2.ed.gov/policy/eseaflex/monitoring/nvrpt2013.doc,WORD
Nevada,2011,SIG,https://www2.ed.gov/admins/lead/account/monitoring/sigreports11/nvsig11rvw.doc,WORD
Nevada,2010,Title III,https://www2.ed.gov/programs/sfgp/monitoring0910/nvt3rpt.pdf,PDF
Nevada,2007,Title I,https://www2.ed.gov/admins/lead/account/monitoring/reports07/nvrpt.doc,WORD
Nevada,2006,Title II,https://www2.ed.gov/programs/teacherqual/hqt/nv.doc,WORD
New Hampshire,2014,ESEA FLEXIBILITY,https://www2.ed.gov/admins/lead/account/monitoring/reports14/nhpartbrpt2014.pdf,PDF
New Hampshire,2014,Title III,https://www2.ed.gov/admins/lead/account/monitoring/reports13/nht3rpt2014.pdf,PDF
New Hampshire,2012,SIG,https://www2.ed.gov/programs/sif/monitoring/reports/nhostreview2012.pdf,PDF
New Hampshire,2009,Title I,https://www2.ed.gov/admins/lead/account/monitoring/reports09/nhrpt.doc,WORD
New Hampshire,2009,Title III,https://www2.ed.gov/admins/lead/account/monitoring/reports09/nhrpt3.pdf,PDF
New Hampshire,2007,Title III,https://www2.ed.gov/programs/sfgp/statemonitor/nhampshire.pdf,PDF
New Hampshire,2006,Title II,https://www2.ed.gov/programs/teacherqual/hqt/nh.doc,WORD
New Jersey,2015,RTT,https://www2.ed.gov/programs/racetothetop/performance/phase3year4ssr.pdf,PDF
New Jersey,2014,RTT,https://www2.ed.gov/programs/racetothetop/performance/new-jersey-year-2.pdf,PDF
New Jersey,2014,Title III,https://www2.ed.gov/admins/lead/account/monitoring/reports13/njt3rpt2014.pdf,PDF
New Jersey,2014,ESEA FLEXIBILITY,https://www2.ed.gov/admins/lead/account/monitoring/reports13/njpartbrpt2014.pdf,PDF
New Jersey,2013,SIG,https://www2.ed.gov/programs/sif/monitoring/reports/njostreview2013.pdf,PDF
New Jersey,2013,RTT,https://www2.ed.gov/programs/racetothetop/phase-3-year-3-report.pdf,PDF
New Jersey,2012,RTT,https://www2.ed.gov/programs/racetothetop/performance/new-jersey-year-1.pdf,PDF
New Jersey,2009,Title I,https://www2.ed.gov/admins/lead/account/monitoring/reports10/njrpt.doc,WORD
New Jersey,2007,Title III,https://www2.ed.gov/programs/sfgp/statemonitor/njermonreport.pdf,PDF
New Jersey,2007,Title I,https://www2.ed.gov/admins/lead/account/monitoring/reports07/njrpt.doc,WORD
New Jersey,2006,Title II,https://www2.ed.gov/programs/teacherqual/hqt/nj.doc,WORD
New Mexico,2018,"Title I, Title II, Title III, SIG",https://www2.ed.gov/admins/lead/account/monitoring/performancerpt/nmossfy18perfrevreport.pdf,PDF
New Mexico,2014,ESEA FLEXIBILITY,https://www2.ed.gov/admins/lead/account/monitoring/reports13/nmpartbrpt32014.pdf,PDF
New Mexico,2014,Title III,https://www2.ed.gov/admins/lead/account/monitoring/reports13/nmt3rpt2014.doc,WORD
New Mexico,2013,ESEA FLEXIBILITY,https://www2.ed.gov/policy/eseaflex/monitoring/nmrpt2013.doc,WORD
New Mexico,2013,SIG,https://www2.ed.gov/programs/sif/monitoring/reports/nmostreview2013.pdf,PDF
New Mexico,2010,Title I,https://www2.ed.gov/admins/lead/account/monitoring/reports11/nmrpt.doc,WORD
New Mexico,2010,Title III,https://www2.ed.gov/admins/lead/account/monitoring/reports11/nmrptt3.pdf,PDF
New Mexico,2007,Title I,https://www2.ed.gov/admins/lead/account/monitoring/reports08/nmrpt.doc,WORD
New Mexico,2006,Title II,https://www2.ed.gov/programs/teacherqual/hqt/nm.doc,WORD
New York,2017,"Title I, Title II, Title III, SIG",https://www2.ed.gov/admins/lead/account/monitoring/performancerpt/nyfy17fiscrevrpt.pdf,PDF
New York,2015,RTT,https://www2.ed.gov/programs/racetothetop/phase1-report/nyrttyrrpt42015.pdf,PDF
New York,2014,RTT,https://www2.ed.gov/programs/racetothetop/performance/new-york-year-3.pdf,PDF
New York,2013,ESEA FLEXIBILITY,https://www2.ed.gov/admins/lead/account/monitoring/reports13/nyrpt2013.pdf,PDF
New York,2013,RTT,https://www2.ed.gov/programs/racetothetop/performance/new-york-year-2.pdf,PDF
New York,2012,RTT,https://www2.ed.gov/programs/racetothetop/performance/new-york-year-1.pdf,PDF
New York,2012,ESEA FLEXIBILITY,https://www2.ed.gov/policy/eseaflex/monitoring/nyrpt2012.doc,WORD
New York,2012,Title I,https://www2.ed.gov/admins/lead/account/monitoring/reports12/nyrpt2012.doc,WORD
New York,2012,SIG,https://www2.ed.gov/programs/sif/monitoring/reports/nyostreview2012.pdf,PDF
New York,2011,Title III,https://www2.ed.gov/admins/lead/account/monitoring/reports11/nyrptt3.pdf,PDF
New York,2010,Title I,https://www2.ed.gov/admins/lead/account/monitoring/reports10/nyrpt.doc,WORD
New York,2009,Title I,https://www2.ed.gov/admins/lead/account/monitoring/reports09/nyrpt.doc,WORD
New York,2007,Title I,https://www2.ed.gov/admins/lead/account/monitoring/reports07/njrpt.doc,WORD
New York,2005,Title II,https://www2.ed.gov/programs/teacherqual/hqt/ny.doc,WORD
North Carolina,2017,"Title I, Title II, Title III, SIG",https://www2.ed.gov/admins/lead/account/monitoring/performancerpt/ncfiscalreviewrpt.pdf,PDF
North Carolina,2015,RTT,https://www2.ed.gov/programs/racetothetop/phase1-report/ncrttyrrpt42015.pdf,PDF
North Carolina,2014,ESEA FLEXIBILITY,https://www2.ed.gov/admins/lead/account/monitoring/reports13/ncpartbrpt32014.pdf,PDF
North Carolina,2014,RTT,https://www2.ed.gov/programs/racetothetop/performance/north-carolina-year-3.pdf,PDF
North Carolina,2013,ESEA FLEXIBILITY,https://www2.ed.gov/policy/eseaflex/monitoring/ncrpt2013.doc,WORD
North Carolina,2013,SIG,https://www2.ed.gov/programs/sif/monitoring/reports/ncostreview2013.pdf,PDF
North Carolina,2013,RTT,https://www2.ed.gov/programs/racetothetop/performance/north-carolina-year-2.pdf,PDF
North Carolina,2012,RTT,https://www2.ed.gov/programs/racetothetop/performance/north-carolina-year-1.pdf,PDF
North Carolina,2011,Title III,North Carolina,
North Carolina,2008,Title I,https://www2.ed.gov/admins/lead/account/monitoring/reports08/ncrpt.doc,WORD
North Carolina,2006,Title II,https://www2.ed.gov/programs/teacherqual/hqt/nc.doc,WORD
North Carolina,2006,Title III,North Dakota,
North Dakota,2007,Title II,https://www2.ed.gov/programs/teacherqual/hqt07/nd.doc,WORD
Ohio,2015,RTT,https://www2.ed.gov/programs/racetothetop/phase1-report/ohrttyrrpt42015.pdf,WORD
Ohio,2014,ESEA FLEXIBILITY,https://www2.ed.gov/admins/lead/account/monitoring/reports13/ohpartbrpt32014.pdf,PDF
Ohio,2014,RTT,https://www2.ed.gov/programs/racetothetop/performance/ohio-year-3.pdf,WORD
Ohio,2013,ESEA FLEXIBILITY,https://www2.ed.gov/policy/eseaflex/monitoring/ohrpt2013.doc,WORD
Ohio,2013,Title III,https://www2.ed.gov/admins/lead/account/monitoring/reports13/ohrptt32013.doc,WORD
Ohio,2013,SIG,https://www2.ed.gov/programs/sif/monitoring/reports/ohostreview2013.pdf,PDF
Ohio,2013,RTT,https://www2.ed.gov/programs/racetothetop/performance/ohio-year-2.pdf,WORD
Ohio,2012,RTT,https://www2.ed.gov/programs/racetothetop/performance/ohio-year-1.pdf,WORD
Ohio,2007,Title I,https://www2.ed.gov/admins/lead/account/monitoring/reports07/ohrpt.doc,WORD
Ohio,2006,Title II,https://www2.ed.gov/programs/teacherqual/hqt/oh.doc,WORD
Oklahoma,2014,ESEA FLEXIBILITY,https://www2.ed.gov/admins/lead/account/monitoring/reports13/okpartbrpt2014.pdf,WORD
Oklahoma,2013,SIG,https://www2.ed.gov/programs/sif/monitoring/reports/okostreview2013.pdf,PDF
Oklahoma,2012,ESEA FLEXIBILITY,https://www2.ed.gov/policy/eseaflex/monitoring/okrpt2012.doc,WORD
Oklahoma,2010,Title I,https://www2.ed.gov/admins/lead/account/monitoring/reports10/okrpt.doc,WORD
Oklahoma,2007,Title III,https://www2.ed.gov/admins/lead/account/monitoring/reports08/okrpt.doc,WORD
Oklahoma,2006,Title II,https://www2.ed.gov/programs/teacherqual/hqt/ok.doc,WORD
Oregon,2014,ESEA FLEXIBILITY,https://www2.ed.gov/admins/lead/account/monitoring/reports13/orpartbrpt2014.pdf,WORD
Oregon,2014,Title III,https://www2.ed.gov/admins/lead/account/monitoring/reports13/ort3rpt22014.pdf,PDF
Oregon,2013,ESEA FLEXIBILITY,https://www2.ed.gov/policy/eseaflex/monitoring/orrpt2013.doc,WORD
Oregon,2012,Title I,https://www2.ed.gov/admins/lead/account/monitoring/reports12/orrpt2012.doc,WORD
Oregon,2008,Title I,https://www2.ed.gov/admins/lead/account/monitoring/reports09/orrpt.doc,WORD
Oregon,2008,Title III,https://www2.ed.gov/admins/lead/account/monitoring/reports09/orrpt.doc,WORD
Oregon,2006,Title II,https://www2.ed.gov/programs/teacherqual/hqt/or.doc,WORD
Pennsylvania,2017,"Title I, Title II, Title III, SIG",https://www2.ed.gov/admins/lead/account/monitoring/performancerpt/pafy17fiscrevrpt.pdf,PDF
Pennsylvania,2015,ESEA FLEXIBILITY,https://www2.ed.gov/admins/lead/account/monitoring/reports14/papartbrpt2015.pdf,PDF
Pennsylvania,2015,RTT,https://www2.ed.gov/programs/racetothetop/performance/phase3year4ssr.pdf,PDF
Pennsylvania,2013,RTT,https://www2.ed.gov/programs/racetothetop/performance/pennsylvania-year-2.pdf,PDF
Pennsylvania,2013,RTT,https://www2.ed.gov/programs/racetothetop/phase-3-year-3-report.pdf,PDF
Pennsylvania,2012,RTT,https://www2.ed.gov/programs/racetothetop/performance/pennsylvania-year-1.pdf,PDF
Pennsylvania,2011,SIG,https://www2.ed.gov/admins/lead/account/monitoring/sigreports11/pasig11rvw.doc,WORD
Pennsylvania,2009,Title III,Pennsylvania,
Pennsylvania,2006,Title II,https://www2.ed.gov/programs/teacherqual/hqt/pa.doc,WORD
Puerto Rico,2015,ESEA FLEXIBILITY,https://www2.ed.gov/admins/lead/account/monitoring/reports14/prpartbrpt2015.pdf,PDF
Puerto Rico,2014,SIG,https://www2.ed.gov/programs/sif/monitoring/reports/prostreview2014.pdf,PDF
Puerto Rico,2012,Title III,https://www2.ed.gov/admins/lead/account/monitoring/reports12/prrptt32012.doc,WORD
Puerto Rico,2012,SIG,https://www2.ed.gov/programs/sif/monitoring/reports/prostreview2012.doc,WORD
Puerto Rico,2009,Title I,https://www2.ed.gov/admins/lead/account/monitoring/reports09/prrpt.doc,WORD
Puerto Rico,2006,Title II,https://www2.ed.gov/programs/teacherqual/hqt/pr.doc,WORD
Rhode Island,2015,Title II,https://www2.ed.gov/programs/teacherqual/rit2monitoringrpt4202015.pdf,PDF
Rhode Island,2015,RTT,https://www2.ed.gov/programs/racetothetop/phase1-report/rirttyrrpt42015.pdf,PDF
Rhode Island,2014,RTT,https://www2.ed.gov/programs/racetothetop/performance/rhode-island-year-3.pdf,PDF
Rhode Island,2014,ESEA FLEXIBILITY,https://www2.ed.gov/admins/lead/account/monitoring/reports13/ripartbrpt2014.pdf,PDF
Rhode Island,2013,RTT,https://www2.ed.gov/programs/racetothetop/performance/rhode-island-year-2.pdf,PDF
Rhode Island,2012,ESEA FLEXIBILITY,https://www2.ed.gov/admins/lead/account/monitoring/reports12/rirpt2012.doc,WORD
Rhode Island,2012,SIG,https://www2.ed.gov/programs/sif/monitoring/reports/riostreview2012.pdf,PDF
Rhode Island,2012,RTT,https://www2.ed.gov/programs/racetothetop/performance/rhode-island-year-1.pdf,PDF
Rhode Island,2010,Title III,https://www2.ed.gov/admins/lead/account/monitoring/reports10/rirptt3.doc,WORD
Rhode Island,2007,Title I,https://www2.ed.gov/admins/lead/account/monitoring/reports07/rirpt.doc,WORD
Rhode Island,2006,Title II,https://www2.ed.gov/programs/teacherqual/hqt/ri.doc,WORD
Rhode Island,2005,Title III,https://www2.ed.gov/programs/sfgp/statemonitor/rhodeisland.pdf,PDF
South Carolina,2017,"Title I, Title II, Title III, SIG",https://www2.ed.gov/admins/lead/account/monitoring/performancerpt/scossfy17perfrevreport.pdf,PDF
South Carolina,2014,ESEA FLEXIBILITY,https://www2.ed.gov/admins/lead/account/monitoring/reports13/scpartbrpt2014.pdf,PDF
South Carolina,2013,Title III,https://www2.ed.gov/admins/lead/account/monitoring/reports13/sct3rpt2013.doc,WORD
South Carolina,2012,ESEA FLEXIBILITY,https://www2.ed.gov/policy/eseaflex/monitoring/scrpt2012.doc,WORD
South Carolina,2012,SIG,https://www2.ed.gov/programs/sif/monitoring/reports/scostreview2012.pdf,PDF
South Carolina,2009,Title I,https://www2.ed.gov/admins/lead/account/monitoring/reports09/scltrrpt.pdf,PDF
South Carolina,2007,Title I,https://www2.ed.gov/admins/lead/account/monitoring/reports07/sdrpt.doc,WORD
South Carolina,2007,Title III,https://www2.ed.gov/programs/sfgp/statemonitor/southcarolina.pdf,PDF
South Carolina,2006,Title II,https://www2.ed.gov/programs/teacherqual/hqt/sc.doc,WORD
South Dakota,2014,ESEA FLEXIBILITY,https://www2.ed.gov/admins/lead/account/monitoring/reports13/sdpartbrpt2014.pdf,PDF
South Dakota,2012,ESEA FLEXIBILITY,https://www2.ed.gov/policy/eseaflex/monitoring/sdrpt2012.doc,WORD
South Dakota,2011,SIG,https://www2.ed.gov/admins/lead/account/monitoring/sigreports11/sdsig11rvw.pdf,PDF
South Dakota,2010,Title III,https://www2.ed.gov/programs/sfgp/monitoring0910/sdt3rpt.doc,WORD
South Dakota,2007,Title I,https://www2.ed.gov/admins/lead/account/monitoring/reports07/sdrpt.doc,WORD
South Dakota,2006,Title II,https://www2.ed.gov/programs/teacherqual/hqt/sd.doc,WORD
Tennessee,2015,RTT,https://www2.ed.gov/programs/racetothetop/phase1-report/tnrttyrrpt42015.pdf,PDF
Tennessee,2014,RTT,https://www2.ed.gov/programs/racetothetop/performance/tennessee-year-3.pdf,PDF
Tennessee,2014,ESEA FLEXIBILITY,https://www2.ed.gov/admins/lead/account/monitoring/reports13/tnpartbrpt2014.pdf,PDF
Tennessee,2013,RTT,https://www2.ed.gov/programs/racetothetop/performance/tennessee-year-2.pdf,PDF
Tennessee,2012,ESEA FLEXIBILITY,https://www2.ed.gov/policy/eseaflex/monitoring/tnrpt2012.doc,WORD
Tennessee,2012,SIG,https://www2.ed.gov/programs/sif/monitoring/reports/tnostreview2012.pdf,PDF
Tennessee,2012,RTT,https://www2.ed.gov/programs/racetothetop/performance/tennessee-year-1.pdf,PDF
Tennessee,2009,Title I,https://www2.ed.gov/admins/lead/account/monitoring/reports09/tnrpt.doc,WORD
Tennessee,2009,Title III,https://www2.ed.gov/programs/sfgp/monitoring0910/tnt3rpt.doc,WORD
Tennessee,2006,Title II,https://www2.ed.gov/programs/teacherqual/hqt/tn.doc,WORD
Texas,2018,"Title I, Title II, Title III, SIG",https://www2.ed.gov/admins/lead/account/monitoring/performancerpt/txossfy18perfrevreport.pdf,PDF
Texas,2014,ESEA FLEXIBILITY,https://www2.ed.gov/admins/lead/account/monitoring/reports14/txpartbrpt41201.pdf,PDF
Texas,2012,Title I,https://www2.ed.gov/admins/lead/account/monitoring/reports12/txrpt2012.doc,WORD
Texas,2012,Title III,https://www2.ed.gov/admins/lead/account/monitoring/reports12/txrptt32012.doc,WORD
Texas,2012,SIG,https://www2.ed.gov/programs/sif/monitoring/reports/txostreview2012.pdf,PDF
Texas,2012,SIG,https://www2.ed.gov/admins/lead/account/monitoring/sigreports11/pasig11rvw.doc,WORD
Texas,2010,Title I,https://www2.ed.gov/admins/lead/account/monitoring/reports10/txrpt.doc,WORD
Texas,2009,Title III,https://www2.ed.gov/admins/lead/account/monitoring/reports09/txrpt3.pdf,PDF
Texas,2008,Title I,https://www2.ed.gov/admins/lead/account/monitoring/reports08/txrpt.doc,WORD
Texas,2006,Title II,https://www2.ed.gov/programs/teacherqual/hqt/tx.doc,WORD
Utah,2014,Title III,https://www2.ed.gov/admins/lead/account/monitoring/reports13/utt3rpt2014.doc,WORD
Utah,2013,SIG,https://www2.ed.gov/programs/sif/monitoring/reports/utostreview2013.pdf,PDF
Utah,2013,ESEA FLEXIBILITY,https://www2.ed.gov/admins/lead/account/monitoring/reports13/utpartbrpt2013.pdf,PDF
Utah,2012,ESEA FLEXIBILITY,https://www2.ed.gov/policy/eseaflex/monitoring/utrpt2012.doc,WORD
Utah,2009,Title I,https://www2.ed.gov/admins/lead/account/monitoring/reports09/utrpt.pdf,PDF
Utah,2009,Title III,Utah,
Vermont,2014,Title I,https://www2.ed.gov/admins/lead/account/monitoring/reports13/vtrpt2014.pdf,PDF
Vermont,2013,SIG,https://www2.ed.gov/programs/sif/monitoring/reports/vtostreview2013.pdf,PDF
Vermont,2012,Title III,https://www2.ed.gov/admins/lead/account/monitoring/reports12/vtrptt32012.doc,WORD
Vermont,2009,Title I,https://www2.ed.gov/admins/lead/account/monitoring/reports09/vtrpt.doc,WORD
Vermont,2006,Title II,https://www2.ed.gov/programs/teacherqual/hqt/vt.doc,WORD
Virginia,2014,ESEA FLEXIBILITY,https://www2.ed.gov/admins/lead/account/monitoring/reports13/vapartbrpt32014.pdf,PDF
Virginia,2013,SIG,https://www2.ed.gov/programs/sif/monitoring/reports/vaostreview2013.pdf,PDF
Virginia,2012,ESEA FLEXIBILITY,https://www2.ed.gov/policy/eseaflex/monitoring/varpt2012.doc,WORD
Virginia,2012,Title III,https://www2.ed.gov/admins/lead/account/monitoring/reports12/varptt32012.doc,WORD
Virginia,2008,Title I,https://www2.ed.gov/admins/lead/account/monitoring/reports08/varpt.doc,WORD
Virginia,2006,Title II,https://www2.ed.gov/programs/teacherqual/hqt/va.doc,WORD
Washington,2014,ESEA FLEXIBILITY,https://www2.ed.gov/admins/lead/account/monitoring/reports13/wapartbrpt2014.pdf,PDF
Washington,2013,ESEA FLEXIBILITY,https://www2.ed.gov/policy/eseaflex/monitoring/warpt2013.doc,WORD
Washington,2012,SIG,https://www2.ed.gov/programs/sif/monitoring/reports/waostreview2012.pdf,PDF
Washington,2011,Title III,https://www2.ed.gov/admins/lead/account/monitoring/reports11/wat3rpt.pdf,PDF
Washington,2007,Title I,https://www2.ed.gov/admins/lead/account/monitoring/reports07/warpt.doc,WORD
Washington,2006,Title II,https://www2.ed.gov/programs/teacherqual/hqt/wa.doc,WORD
West Virginia,2014,Title III,https://www2.ed.gov/admins/lead/account/monitoring/reports13/wvt3rpt2014.doc,WORD
West Virginia,2013,ESEA FLEXIBILITY,https://www2.ed.gov/admins/lead/account/monitoring/reports14/wvpartrpt5202013r.pdf,PDF
West Virginia,2009,Title I,https://www2.ed.gov/admins/lead/account/monitoring/reports09/wvrpt.pdf,PDF
West Virginia,2009,Title III,https://www2.ed.gov/admins/lead/account/monitoring/reports09/wvrpt3.pdf,PDF
West Virginia,2006,Title II,https://www2.ed.gov/programs/teacherqual/hqt/wv.doc,WORD
Wisconsin,2014,ESEA FLEXIBILITY,https://www2.ed.gov/admins/lead/account/monitoring/reports13/wipartbrpt32014.pdf,PDF
Wisconsin,2013,ESEA FLEXIBILITY,https://www2.ed.gov/policy/eseaflex/monitoring/wirpt2013.doc,WORD
Wisconsin,2012,Title I,https://www2.ed.gov/admins/lead/account/monitoring/reports12/wirpt2012.doc,WORD
Wisconsin,2012,Title III,https://www2.ed.gov/admins/lead/account/monitoring/reports12/wirptt32012.doc,WORD
Wisconsin,2012,SIG,https://www2.ed.gov/programs/sif/monitoring/reports/wiostreview2012.pdf,PDF
Wisconsin,2008,Title I,https://www2.ed.gov/admins/lead/account/monitoring/reports08/wirpt.doc,WORD
Wisconsin,2006,Title II,https://www2.ed.gov/programs/teacherqual/hqt/wi.doc,WORD
Wyoming,2017,"Title I, Title II, Title III, SIG",https://www2.ed.gov/admins/lead/account/monitoring/performancerpt/wyfy17fiscrevrpt.pdf,PDF
Wyoming,2012,SIG,https://www2.ed.gov/programs/sif/monitoring/reports/wyostreview2012.pdf,PDF
Wyoming,2012,Title III,https://www2.ed.gov/admins/lead/account/monitoring/reports12/wyrptt32012.doc,WORD
Wyoming,2009,Title I,https://www2.ed.gov/admins/lead/account/monitoring/reports09/wyrpt.doc,WORD
Wyoming,2006,Title II,https://www2.ed.gov/programs/teacherqual/hqt/wy.doc,WORD
